AB, AC, AD, AE, AF, AG, AH, AI, AJ, AK, AL, AM, AN, AO, AP, AQ, AR, AS, AT, AU, AV, AW, AX, AY, AZ
BC, BD, BE, BF, BG, BH, BI, BJ, BK, BL, BM, BN, BO, BP, BQ, BR, BS, BT, BU, BV, BW, BX, BY, BZ
CD, CE, CF, CG, CH, CI, CJ, CK, CL, CM, CN, CO, CP, CQ, CR, CS, CT, CU, CV, CW, CX, CY, CZ
DE, DF, DG, DH, DI, DJ, DK, DL, DM, DN, DO, DP, DQ, DR, DS, DT, DU, DV, DW, DX, DY, DZ
EF, EG, EH, EI, EJ, EK, EL, EM, EN, EO, EP, EQ, ER, ES, ET, EU, EV, EW, EX, EY, EZ
FG, FH, FI, FJ, FK, FL, FM, FN, FO, FP, FQ, FR, FS, FT, FU, FV, FW, FX, FY, FZ
GH, GI, GJ, GK, GL, GM, GN, GO, GP, GQ, GR, GS, GT, GU, GV, GW, GX, GY, GZ
HI, HJ, HK, HL, HM, HN, HO, HP, HQ, HR, HS, HT, HU, HV, HW, HX, HY, HZ
IJ, IK, IL, IM, IN, IO, IP, IQ, IR, IS, IT, IU, IV, IW, IX, IY, IZ
JK, JL, JM, JN, JO, JP, JQ, JR, JS, JT, JU, JV, JW, JX, JY, JZ
KL, KM, KN, KO, KP, KQ, KR, KS, KT, KU, KV, KW, KX, KY, KZ
LM, LN, LO, LP, LQ, LR, LS, LT, LU, LV, LW, LX, LY, LZ
MN, MO, MP, MQ, MR, MS, MT, MU, MV, MW, MX, MY, MZ
NO, NP, NQ, NR, NS, NT, NU, NV, NW, NX, NY, NZ
OP, OQ, OR, OS, OT, OU, OV, OW, OX, OY, OZ
PQ, PR, PS, PT, PU, PV, PW, PX, PY, PZ
QR, QS, QT, QU, QV, QW, QX, QY, QZ
RS, RT, RU, RV, RW, RX, RY, RZ
ST, SU, SV, SW, SX, SY, SZ
TU, TV, TW, TX, TY, TZ
UV, UW, UX, UY, UZ
VW, VX, VY, VZ
WX, WY, WZ
XY, XZ
YZ
